328.748;-0.002078726001440297;-0.0035627508815287783
329.541;-3.5752044250816064e-05;-0.003296373507345947
330.334;0.000474991445046556;0.0027340390881464742
331.127;-0.0010572390228455566;-0.0032566093570664876
331.919;0.0014964784236412964;0.0026369994666814414
332.712;0.0007303631896952393;0.003017518275257043
333.504;0.0007303631896952393;0.0034792663059754775
334.297;-0.0005464955335481862;-0.003374592133263858
335.089;0.0007303631896952393;0.002548887487299843
335.881;0.00047499144504655415;0.0023767535321305893
336.673;0.00021961970039787086;0.0026244984063534295
337.465;-0.0005464955335481862;-0.0034130237294437266
338.257;-3.575204425081425e-05;-0.002484072842421991
339.049;0.00047499144504655415;0.0037931162518163876
339.841;0.0009857349343439243;0.003355236873787705
340.633;0.00047499144504655415;0.003413020996898092
341.424;0.0017518501682899834;0.004565601283803722
342.216;-0.002334097746088982;-0.0020372413361039753
343.007;-0.0008018672781968714;-0.0031651936294225516
343.799;0.0009857349343439243;0.0029849429261692454
344.59;0.00047499144504655415;0.003113241154539727
345.381;-0.0010572390228455566;-0.0032964167540516865
346.173;0.00047499144504655415;0.003071060333901012
346.964;0.0027733371468847204;0.0031448086142091
347.755;0.00021961970039786904;0.0025231476495109015
348.546;-0.0013126107674942416;-0.003123758567831151
349.336;0.002517965402236039;0.004232125670255052
350.127;-3.5752044250816064e-05;-0.0028507998395899117
350.918;0.0012411066789926113;0.0027930948999191434
351.709;-0.0010572390228455566;-0.0030283296533410806
352.499;-0.0008018672781968714;-0.003364928717080849
353.29;-3.5752044250816064e-05;-0.0030497417642768227
354.08;-0.002078726001440297;-0.003653127581057527
354.87;0.00021961970039786904;0.003102742409462643
355.661;0.00021961970039787267;0.0045939963627872815
356.451;0.00021961970039786904;0.002362984833987181
357.241;-3.5752044250816064e-05;-0.0033551999445221884
358.031;0.000474991445046556;0.0025360469412205656
358.821;0.00405019587012815;0.004185949040079912
359.611;-0.0005464955335481862;-0.0030922256843362423
360.401;0.000474991445046556;0.0027577888228511316
361.19;-0.00029112378889949934;-0.0026980158596606745
361.98;-0.0002911237888995012;-0.0029074309419741965
362.769;0.001241106678992613;0.0040669586507921
363.559;-0.0008018672781968696;-0.0024971977274080913
364.348;-0.0015679825121429267;-0.0031133327350671533
365.138;0.0009857349343439243;0.0035072852930241225
365.927;-0.0015679825121429267;-0.0029187284244808188
366.716;0.0007303631896952393;0.003403465322899139
367.505;0.00226259365758735;0.003801867349583985
368.294;0.0012411066789926096;0.003422610523832521
369.083;0.00047499144504655415;0.003775884193651042
369.872;0.0032840806361820905;0.0029524136197933222
370.661;0.00021961970039786904;0.0033259185911122566
371.449;0.0027733371468847204;0.003697604013678145
372.238;0.0014964784236412947;0.00300676528551123
373.026;0.0012411066789926096;0.003226448238938734
373.815;0.0009857349343439245;0.0005491267441304164
374.603;0.0027733371468847204;0.0030607357606112382
375.392;-0.0002911237888995012;-0.003441557864764801
376.18;0.0017518501682899797;0.0030605429192947873
376.968;0.00021961970039786904;0.003835851827266178
377.756;0.0030287088915334054;0.0034701996515618433
378.544;0.0030287088915334054;0.0025106552054767637
379.332;-0.002078726001440297;-0.0033553643361945063
380.12;-0.002334097746088983;-0.0018351500009404548
380.908;0.0012411066789926096;0.00355348687761161
381.695;-0.0010572390228455566;-0.003844378635655891
382.483;0.0009857349343439243;0.0034130489077969822
383.27;-0.002078726001440297;-0.0035074072298557826
384.058;-3.5752044250816064e-05;-0.002827831372178341
384.845;0.00047499144504655415;0.0032963821971501253
385.633;0.0020072219129386648;0.003895032592493407
386.42;0.000730363189695243;0.003953086052440747
387.207;0.00047499144504655415;0.002781335766744543
387.994;0.0014964784236412947;0.003635158878496218
388.781;0.0009857349343439243;0.0036885423524695453
389.568;0.0009857349343439243;0.003316135637660957
390.355;0.0017518501682899797;0.003165291493763978
391.142;-0.00131261076749424;-0.002624579882503549
391.928;0.0030287088915334054;0.0024314812754775827
392.715;-0.0013126107674942416;-0.0023630753268451005
393.501;0.003794824125479464;0.003920404536837862
394.288;0.0020072219129386648;0.0033747332745894076
395.074;-0.0020787260014402953;-0.00282802641967156
395.86;0.0014964784236412947;0.0028736841765539356
396.647;0.00021961970039786904;0.003835851827266178
397.433;0.00021961970039786904;0.003835851827266178
398.219;0.0012411066789926096;0.003226448238938734
399.005;0.00021961970039786904;0.003903264923683836
399.791;-0.0010572390228455529;-0.004231968104393427
400.577;-0.0008018672781968714;-0.0034792703267516206
401.362;-0.0005464955335481862;-0.0031959360072626414
402.148;0.00047499144504655415;0.0038612755306391836
402.934;0.0012411066789926096;0.003590003885961346
403.719;-0.0008018672781968714;-0.003608092044020373
404.505;0.0020072219129386648;0.003092379713360469
405.29;0.0012411066789926096;0.002907494866651266
406.075;-0.0010572390228455566;-0.003928281351168292
406.86;-0.0008018672781968714;-0.003869724801206219
407.646;-0.0002911237888995012;-0.0029958091571507476
408.431;0.0017518501682899834;0.004034809056836056
409.216;-0.00029112378889949934;-0.0025231494976460955
410.001;0.00226259365758735;0.003644218742126263
410.785;0.0020072219129386648;0.0032766869540698895
411.57;0.0014964784236412947;0.003827414804687096
412.355;0.00021961970039786904;0.0032061125587114336
413.139;0.00021961970039786904;0.0036618935923157315
413.924;0.0014964784236412947;0.0032964602022734933
414.708;0.0007303631896952393;0.0032864874058176428
415.493;0.0012411066789926096;0.003767283167020476
416.277;0.0014964784236412947;0.003580934473586524
417.061;-0.0015679825121429267;-0.0036171821316345414
417.845;0.0014964784236412947;0.0029630691133174358
418.629;0.0030287088915334054;0.0031136081023409256
419.413;0.00047499144504655415;0.0036350881414932935
420.197;-0.0018233542567916117;-0.003060553584651146
420.981;0.00021961970039787086;0.00269801413130865
421.765;0.0027733371468847204;0.0036443088609747734
422.549;0.00021961970039786904;0.0036440410570564626
423.332;-0.0008018672781968714;-0.0031857307117311292
424.116;0.00047499144504655415;0.0037931162518163876
424.899;-0.00029112378889949755;-0.004829297325527721
425.682;0.0009857349343439243;0.0030067114474817244
426.466;-3.575204425081425e-05;-0.002734028610998197
427.249;-0.0005464955335481862;-0.0020208469842657637
428.032;0.0014964784236412947;0.003580934473586524
428.815;-0.0005464955335481862;-0.0029849141366578053
429.598;0.0017518501682899797;0.0034035604463050905
430.381;-3.575204425081243e-05;-0.003994099032472211
431.164;-0.0002911237888995012;-0.0034034484900854313
431.947;0.001241106678992613;0.004034760681303545
432.729;-0.0002911237888995021;-0.0018699827156996836
433.512;0.00021961970039786904;0.003185706873395189
434.294;-0.0013126107674942416;-0.003185773996674592
435.077;0.0007303631896952393;0.00330627115108967
435.859;0.00047499144504655415;0.00327653874290515
436.642;0.004560939359425516;0.003828034023016603
437.424;0.000730363189695243;0.003969548940866126
438.206;0.0027733371468847204;0.003186013203341036
438.988;-0.0008018672781968714;-0.003226412726159904
439.77;-0.001312610767494238;-0.00457982541152647
440.552;0.00047499144504655415;0.0023767535321305893
441.334;0.0030287088915334054;0.0036174191447962663
442.115;0.00021961970039786904;0.001834774257189798
442.897;0.0012411066789926096;0.002444456327475858
443.679;0.000474991445046556;0.0026120533026459604
444.46;0.00021961970039786904;0.0034225548577568876
445.242;0.0012411066789926096;0.0031857666780056577
446.023;0.0032840806361820905;0.003853171500341369
446.804;0.0007303631896952393;0.0032864874058176436
447.586;-0.0008018672781968714;-0.0036440618971118987
448.367;-0.001567982512142925;-0.002757892206806404
449.148;0.0012411066789926096;0.002907494866651266
449.929;0.00021961970039786904;0.0035165365111149345
450.71;-3.5752044250816064e-05;-0.0028735847266673194
451.491;0.0020072219129386648;0.0030068412774677793
452.271;0.0032840806361820905;0.003226814080393981
453.052;0.00047499144504655415;0.003469870414447307
453.833;-0.0010572390228455566;-0.0039777735910589565
454.613;-0.0008018672781968714;-0.003422577046441007
455.394;-0.0008018672781968714;-0.0029074554580559245
456.174;-0.0025894694907376637;-0.004122860021843646
456.954;-0.0015679825121429267;-0.0039613881016649635
457.734;-0.0005464955335481862;-0.003741184462771496
458.515;-3.5752044250816064e-05;-0.003670785667745905
459.295;-0.0010572390228455546;-0.0025360918585056328
460.075;-3.575204425081243e-05;-0.004074920166192779
460.855;-0.0002911237888995012;-0.0036440423367124245
461.634;-0.002334097746088982;-0.0031029646163924303
462.414;-0.0013126107674942416;-0.001834890800439369
463.194;0.0030287088915334054;0.002758203059980507
463.973;0.00047499144504655415;0.0028508098875866714
464.753;0.0020072219129386648;0.0037062858607179528
465.532;0.003028708891533409;0.004308568024087731
466.312;0.0012411066789926096;0.0026980847459327556
467.091;0.0012411066789926096;0.0028394080425000524
467.87;-3.5752044250816064e-05;-0.0036350802613792582
468.65;0.00226259365758735;0.003953234175608775
469.429;-3.5752044250816064e-05;-0.003028282578103383
470.208;-0.0028448412353863505;-0.002907782624855
470.987;-0.0005464955335481862;-0.0037061573459073738
471.765;0.0007303631896952393;0.0034792663059754775
472.544;-0.001312610767494238;-0.004608216543514774
473.323;0.000474991445046556;0.002781335766744543
474.101;0.003028708891533407;0.002562078935678451
474.88;0.00021961970039787267;0.004464407853000701
475.658;0.0017518501682899797;0.0030391599998874086
476.437;0.00047499144504655415;0.0037411819699132687
477.215;0.00047499144504655415;0.0032963821971501253
477.993;0.0020072219129386648;0.0028048581719073836
478.772;0.00047499144504655415;0.003525803321350498
479.55;0.0017518501682899797;0.0029959363466295443
480.328;0.0014964784236412947;0.003134200730287451
481.106;-0.0005464955335481862;-0.0032765415892732352
481.883;0.0014964784236412947;0.003507331447183327
482.661;0.0014964784236412964;0.0027341331370285375
483.439;0.0027733371468847204;0.00332621200818171
484.217;-0.0010572390228455566;-0.0016672543743362666
484.994;-0.001567982512142925;-0.002757892206806404
485.772;0.000474991445046556;0.002804685027467841
486.549;0.0027733371468847204;0.003516814024464539
487.326;0.0017518501682899806;0.002004823001594548
488.104;0.0007303631896952393;0.003266583844426492
488.881;-0.0005464955335481827;-0.004201010110737415
489.658;-0.002334097746088982;-0.0033261258884491295
490.435;0.00021961970039786904;0.003102742409462643
491.212;-0.0008018672781968714;-0.0035717599704156297
491.989;0.0027733371468847204;0.0030819689894958846
492.766;-0.00131261076749424;-0.0027931032474921382
493.542;0.0014964784236412947;0.0015871876655468647
494.319;-0.0005464955335481862;-0.003113244150207074
495.095;0.0007303631896952411;0.0026492537150361825
495.872;-0.002078726001440297;-0.0034887642540181447
496.648;0.0017518501682899815;0.002444536174138147
497.425;0.00021961970039786904;0.0030390330849940682
498.201;0.00226259365758735;0.00381898216803412
498.977;0.0012411066789926096;0.002746000766222522
499.753;0.0027733371468847204;0.003750141838618669
500.529;0.0017518501682899834;0.004224315044629624
501.305;0.00021961970039786904;0.0036261006287172117
502.081;-0.0010572390228455566;-0.0032964167540516865
502.857;0.0007303631896952393;0.0031027623765331343
503.633;0.005327054593371575;0.004421185769366452
504.408;-0.0010572390228455566;-0.003741212418282139
505.184;0.005071682848722886;0.003336690808112305
505.959;-0.0010572390228455546;-0.00278137672278978
506.735;0.0007303631896952393;0.003441574511184756
507.51;-0.0010572390228455574;-0.0017437305011391716
508.285;0.00021961970039787086;0.0023904239752778698
509.061;0.002517965402236035;0.0029851725627966195
509.836;0.0035394523808307756;0.0031346198417980605
510.611;0.0030287088915334054;0.0034889418277795578
511.386;0.00839151552915579;0.0024745475304183574
512.161;0.00456093935942552;0.0038450323714245248
512.935;0.007880772039858423;0.0032689897601903195
513.71;0.009923745997047907;0.003923142031599864
514.485;0.005071682848722886;0.003257573901728377
515.259;0.004560939359425516;0.002874508852101725
516.034;0.0035394523808307756;0.0034325330867366007
516.808;0.0009857349343439263;0.0024040751506914223
517.583;0.0012411066789926096;0.003422610523832521
518.357;0.0007303631896952393;0.003936554315905184
519.131;0.0007303631896952411;0.002698037093609476
519.905;0.0014964784236412947;0.003374665566969904
520.68;-0.0010572390228455566;-0.0031341550326928693
521.454;-3.575204425081425e-05;-0.0028046748142246747
522.227;0.002517965402236035;0.0038275516052152844
523.001;0.0007303631896952393;0.003784520415944838
523.775;0.0014964784236412947;0.0037586415449492733
524.549;-0.0008018672781968714;-0.003852835395022825
525.322;0.003028708891533407;0.0026863350037358248
526.096;-0.0008018672781968696;-0.0027221060951293894
526.869;-0.0013126107674942416;-0.003749938617601999
527.643;-0.0018233542567916117;-0.004050947897064539
528.416;0.000474991445046556;0.0024576911360634215
529.189;0.001241106678992613;0.0040669586507921015
529.962;0.0014964784236412947;0.0029187188385379165
530.735;0.0007303631896952393;0.0028849332411567652
531.508;-0.0018233542567916117;-0.003498061788330383
532.281;-0.0005464955335481862;-0.0030066828664076697
533.054;0.0012411066789926096;0.003903313734246126
533.827;0.0017518501682899797;0.0027931647802604737
534.6;0.00226259365758735;0.003869872500167423
535.372;-3.5752044250816064e-05;-0.003451016364402063
536.145;0.0007303631896952393;0.00314451797213646
536.917;0.0020072219129386648;0.003928375975953112
537.69;0.000730363189695243;0.004330957894082717
538.462;-0.00131261076749424;-0.0025744049113887836
539.234;0.0014964784236412964;0.002612151743553268
540.007;-0.0005464955335481862;-0.003617105886337039
540.779;-0.0025894694907376637;-0.004427929976672295
541.551;0.0027733371468847204;0.003165477953790485
542.323;0.0030287088915334054;0.0030925921100321712
543.095;-0.0002911237888995012;-0.004018518704971862
543.866;0.0012411066789926096;0.0036973915990596022
544.638;0.0035394523808307756;0.0036712213660618775
545.41;0.002517965402236039;0.004059084092945559
546.181;0.007880772039858427;0.0039219579887733265
546.953;0.01452043740072424;0.0037221746470065802
547.724;0.02116010276159005;0.0042684019800425695
548.496;0.03495017697261905;0.004351846847593711
549.267;0.03827000965305195;0.004793615007481448
550.038;0.04414355977997171;0.004731278700107903
550.809;0.0495063664175941;0.005044592683279286
551.58;0.04899562292829673;0.00527093900420536
552.351;0.05231545560872963;0.004980320917295249
553.122;0.0564014035231086;0.004525752311376554
553.893;0.04976173816224278;0.005103069824558045
554.664;0.046441905481809875;0.00437175188799133
555.434;0.04567579024786382;0.005118847294745957
556.205;0.04899562292829673;0.004764037070047855
556.975;0.05282619909802701;0.004543519276762573
557.746;0.058955120969595445;0.005076892914446882
558.516;0.05793363399100071;0.00521335536929542
559.287;0.066616273309056;0.0058735363648947814
560.057;0.07172370820202971;0.005256964418250241
560.827;0.07683114309500341;0.006047165263687735
561.597;0.08015097577543631;0.006449217039612439
562.367;0.08679064113630212;0.006150784555295266
563.137;0.0924088195185732;0.00630752212381883
563.907;0.09700551092224953;0.006386686069521919
564.676;0.10645426547425088;0.0062029398582450854
565.446;0.11411541781371143;0.00648369505637868
566.216;0.12228731364246935;0.0066699389425513645
566.985;0.1332682986623628;0.006881628374074634
567.755;0.14271705321436418;0.0070649822113515925
568.524;0.15369803823425762;0.00784255193363272
569.294;0.17055257338107085;0.007646348785428437
570.063;0.18740710852788406;0.008283460261035002
570.832;0.21524262869459074;0.008996335198099956
571.601;0.23950294443621584;0.009140882514995473
572.37;0.26733846460292254;0.00982927784176198
573.139;0.29568472825892655;0.01074074711398911
573.908;0.32352024842563326;0.010802782804453487
574.677;0.33705495089201354;0.011118163575774094
575.445;0.35390948603882677;0.01165538855991885
576.214;0.3623367536122334;0.011939073226728346
576.983;0.36361361233547684;0.011703592269148005
577.751;0.3602937796550439;0.011851956688957502
578.52;0.35595245999601627;0.011626478162576793
579.288;0.3434392445082307;0.01139627048216943
580.056;0.3413962705510412;0.011189884626865442
580.824;0.3426731292742846;0.011301287114325747
581.592;0.3419070140403386;0.01116469854311144
582.361;0.35110039684769123;0.011421524879819836
583.128;0.3651458428033689;0.011870604528254171
583.896;0.37561608433396504;0.012000023097135193
584.664;0.3848094671413177;0.012267081510384812
585.432;0.39604582390585985;0.012326367499138282
586.2;0.40600532194715855;0.012510900305684778
586.967;0.41111275684013227;0.012841045076446088
587.735;0.4205615113921336;0.012738484100655945
588.502;0.4292441507101889;0.012878231044765877
589.27;0.4338408421138652;0.013023094823090825
590.037;0.4346069573478113;0.012951804853582516
590.804;0.43537307258175734;0.013061135453887821
591.571;0.4422681096872718;0.013112702379625168
592.338;0.4392036487514876;0.013001378529009778
593.105;0.44737554458024553;0.013363433624022519
593.872;0.4463540576016508;0.013222201994449656
594.639;0.4563135556429495;0.013360088194322314
595.406;0.4598887600680311;0.013608739121014537
596.173;0.46652842542889694;0.013704453045428678
596.939;0.47648792347019564;0.013921109400624883
597.706;0.4780201539380877;0.01377920907766963
598.472;0.48823502372403504;0.01414505226035697
599.239;0.4953854325741982;0.014258798357394914
600.005;0.500492867467172;0.014088366293385947
600.771;0.5053449306154969;0.014354588352105636
601.537;0.5140275699335523;0.014585920048829295
602.303;0.5201564918051207;0.014520541489034821
603.07;0.524753183208797;0.014674244257770077
603.835;0.52807301588923;0.014979247731328263
604.601;0.529605246357122;0.014853214372910305
605.367;0.5472258967378812;0.015000233877046378
606.133;0.5520779598862063;0.015082366922295164
606.899;0.5525887033755037;0.015352801025163633
607.664;0.5594837404810182;0.019295985259042945
608.43;0.5666341493311814;0.016076055673178095
609.195;0.5725076994581011;0.015538068801308064
609.96;0.5745506734152906;0.01551954115844889
610.726;0.5791473648189669;0.015596598324094118
611.491;0.5931928107746446;0.01593471364228156
612.256;0.6013647066034026;0.016077775279854094
613.021;0.6057060262624302;0.016366260688083337
613.786;0.6095366024321605;0.016268800751692736
614.551;0.616431639537675;0.016416648980546213
615.316;0.6194961004734592;0.01631469889397209
616.081;0.630221713748704;0.01676903759566421
616.845;0.6330308029398395;0.0164725954582781
617.61;0.6371167508542185;0.016697362150828548
618.374;0.6493745945973554;0.017052425410994693
619.139;0.6473316206401658;0.016855531515800635
619.903;0.6534605425117344;0.016877220964668985
620.668;0.6557588882135724;0.017013426460927336
621.432;0.6562696317028699;0.01699160972115034
622.196;0.6562696317028699;0.016949338538735446
622.96;0.6629092970637357;0.017220918813764377
623.724;0.6618878100851409;0.01712350963360234
624.488;0.6649522710209251;0.017327801110474217
625.252;0.6669952449781146;0.017268716614415223
626.016;0.6749117690622238;0.01734144758813998
626.78;0.6787423452319541;0.017437649893017482
627.543;0.6754225125515212;0.017414064948328898
628.307;0.6830836648909818;0.017490211443794333
629.07;0.6938092781662265;0.017708520982078004
629.834;0.6989167130592002;0.017884150575502872
630.597;0.7078547241219042;0.017891874039051882
631.36;0.7147497612274187;0.018025165484675615
632.124;0.7236877722901227;0.01811421077379516
632.887;0.7538216381586675;0.018667999319162746
633.65;0.7658241101571558;0.018887531944911842
634.413;0.7890629389201861;0.019056814252032074
635.176;0.8046406153437559;0.01955709103803786
635.938;0.8245596114263534;0.019925555350420957
636.701;0.8342637377230033;0.020057727943050007
637.464;0.8521397598484113;0.020309827524462136
638.227;0.8672066927826837;0.020720600433478075
638.989;0.8710372689524141;0.02058652069015706
639.752;0.8741017298881982;0.020783475912740386
640.514;0.8687389232505759;0.020680299984376052
641.276;0.8529058750823574;0.020293951202653353
642.038;0.8529058750823574;0.02027144418200555
642.801;0.8518843881037627;0.020347194764912147
643.563;0.8467769532107889;0.020379263366613786
644.325;0.8531612468270061;0.020314356453664358
645.087;0.8539273620609521;0.020471248857482863
645.849;0.8324761355104625;0.02041437263158693
646.61;0.8577579382306824;0.020402122926884727
647.372;0.8669513210380351;0.02063112647536877
648.134;0.8741017298881982;0.020789750598006692
648.895;0.8863595736313351;0.020962349512745292
649.657;0.8929992389922009;0.021052784239950762
650.418;0.898617417374472;0.021169268525474093
651.18;0.9042355957567431;0.021267103232190596
651.941;0.9057678262246351;0.0214424869099105
652.702;0.9203240156696102;0.02157451309347769
653.463;0.9323264876680984;0.02158973426888427
654.224;0.9397322682629103;0.021840933549957055
654.985;0.9581190338776157;0.022111932106441676
655.746;0.963481840515238;0.022281389012383152
656.507;0.986209925788971;0.022468686222797254
657.268;0.9823793496192408;0.022485327420654223
658.029;0.9867206692782684;0.02260749751333378
658.789;0.9997446282553513;0.022857526232082547
659.55;0.9971909108088645;0.02280329678506023
660.31;0.995147936851675;0.022671448702156014
661.071;1.0;0.02298981205875942
661.831;0.995914052085621;0.022879007258609887
662.591;0.9859545540443223;0.02272414316787729
663.351;0.9772719147262671;0.02249519646987336
664.111;0.9762504277476722;0.022440317035788603
664.871;0.9770165429816183;0.022496712204496977
665.631;0.9673124166849683;0.022377711781802968
666.391;0.9762504277476722;0.02244903376616672
667.151;0.9655248144724276;0.02234485860009292
667.911;0.9583744056222643;0.022163361908813198
668.67;0.9458611901344788;0.021887544752409633
669.43;0.9359016920931801;0.021824303982756192
670.19;0.9404983834968563;0.02209717389385298
670.949;0.9611834948133998;0.02231601334090181
671.708;0.9527562272399932;0.02213679786141131
672.468;0.948159535836317;0.02200054423545702
673.227;0.9530115989846419;0.021975515213146432
673.986;0.9486702793256143;0.022083082099001936
674.745;0.9425413574540459;0.02178967278053052
675.504;0.9476487923470196;0.022024553842627713
676.263;0.9507132532828038;0.021960473899570992
677.022;0.9420306139647485;0.021900474537483505
677.781;0.9420306139647485;0.021921309065803352
678.539;0.9445843314112353;0.021934493262512247
679.298;0.9420306139647485;0.02191535836454911
680.057;0.931049628944855;0.02165560917061605
680.815;0.930283513710909;0.021708870385014976
681.573;0.9318157441788011;0.021725645471945408
682.332;0.9106198893729602;0.021325854249287568
683.09;0.9177702982231234;0.02167346174848746
683.848;0.9062785697139326;0.021396244725568503
684.606;0.8952975846940391;0.02094578912322944
685.364;0.9009157630763102;0.021235699474237323
686.122;0.8866149453759838;0.020972882367125013
686.88;0.8764000755900364;0.0208003419170708
687.638;0.8700157819738192;0.020880668623085404
688.396;0.8741017298881982;0.020648108979043997
689.153;0.8580133099753311;0.02040326686467028
689.911;0.8541827338056008;0.020398978687813728
690.669;0.847543068444735;0.020250990280642638
691.426;0.837838942148085;0.020037249315468256
692.183;0.8355405964462468;0.020027384546150655
692.941;0.8232827527031099;0.01992025380623914
693.698;0.8174092025761901;0.01972824398587944
694.455;0.8237934961924073;0.019856795320229218
695.212;0.8002992956847282;0.01962319748177876
695.969;0.7987670652168362;0.01928868541475055
696.726;0.7913612846220243;0.019313834150419564
697.483;0.777060466921698;0.019144547468511974
698.24;0.7821679018146716;0.01910223458357999
698.997;0.7668455971357505;0.018973879981506313
699.753;0.7625042774767229;0.018892937779835365
700.51;0.7525447794354241;0.018635601685804307
701.266;0.7438621401173688;0.01846178103714263
702.023;0.7354348725439622;0.018334498790412174
702.779;0.7180695939078516;0.01803172487169632
703.535;0.7150051329720675;0.01804402295437764
704.292;0.7170481069292569;0.017905166740831157
705.048;0.7050456349307687;0.018057784235155094
705.804;0.6996828282931463;0.01769203392278422
706.56;0.6887018432732529;0.01748681671048399
707.316;0.6823175496570357;0.017476976836925496
708.071;0.6685274754460068;0.017381666026839212
708.827;0.6544820294903291;0.01690662365009699
709.583;0.6455440184276251;0.016828329308302234
710.339;0.6340522899184342;0.016644054155825313
711.094;0.6279233680468658;0.01669435167733386
711.85;0.6217944461752973;0.017289256353576133
712.605;0.6120903198786473;0.016341227372617
713.36;0.6049399110284841;0.015990101245968898
714.116;0.5949804129871854;0.015945590595288692
714.871;0.584765543201238;0.016000321147962668
715.626;0.5745506734152906;0.01555731412783574
716.381;0.5671448928204788;0.015439264183296136
717.136;0.5587176252470721;0.015230555706440139
717.891;0.5431399488235024;0.015040512623604904
718.646;0.5283283876338786;0.0149226659103393
719.4;0.5211779787837154;0.014570231007606904
720.155;0.5114738524870653;0.014665611586098904
720.91;0.5050895588708483;0.0143181734389752
721.664;0.49129948465981926;0.014259285537110705
722.419;0.48517056278825094;0.014011454649520041
723.173;0.4787862691720338;0.013816714076851689
723.927;0.47214660381116796;0.013720268462745043
724.682;0.4619317340252206;0.013797614687305317
725.436;0.4573350426215442;0.013271085141036481
726.19;0.44405571189981263;0.013140534498445927
726.944;0.4392036487514876;0.013076401855768425
727.698;0.4328193551352705;0.013247834055569629
728.452;0.42337060058326914;0.01294235788804767
729.205;0.4226044853493231;0.0128930394873212
729.959;0.412900359052673;0.01256580036979867
730.713;0.412134243818727;0.01274237699165966
731.466;0.39962102833094143;0.012434718586491228
732.22;0.39757805437375193;0.012312502760857932
732.973;0.39068301726823745;0.012364609166333529
733.727;0.3794466605036953;0.012162840711551486
734.48;0.37459459735537026;0.012013599502788762
735.233;0.3656565862926663;0.011858131457427775
735.986;0.36131526663363867;0.011749405363205874
736.739;0.36157063837828735;0.011535776312987248
737.492;0.34931279463515047;0.011820239202358241
738.245;0.33756569438131095;0.01146284823249665
738.998;0.3365442074027162;0.01113765783051616
739.751;0.3296491702972017;0.011140622515987414
740.504;0.3260739658721201;0.010960092376723476
741.256;0.31943430051125427;0.011076151717838352
742.009;0.3120285199164424;0.010652017918278153
742.761;0.3122838916610911;0.010802857111231535
743.514;0.305899598044874;0.010747009392335697
744.266;0.2987491891947108;0.010442533553355367
745.018;0.29747233047146737;0.010448835750059334
745.771;0.2915987803445476;0.010515565292882799
746.523;0.28904506289806076;0.010182189122657968
747.275;0.2852144867283305;0.010164195335038428
748.027;0.27908556485676206;0.010456596568127927
748.779;0.27270127124054494;0.009817131526306862
749.531;0.26376326017784096;0.009890671698858223
750.282;0.26350788843319223;0.010120338259938912
751.034;0.2550806208597856;0.009865449863400438
751.786;0.24971781422216321;0.009591951270555862
752.537;0.24946244247751453;0.009634353467442222
753.289;0.24435500758454085;0.00952585740534601
754.04;0.23107567686280922;0.009138994933737394
754.791;0.23924757269156713;0.009561144996911559
755.543;0.23235253558605265;0.009136558210782308
756.294;0.22852195941632236;0.00859247241623141
757.045;0.2193285766089697;0.008538710643188323
757.796;0.21294428299275256;0.009043858719335529
758.547;0.21115668078021177;0.00866842079411816
759.298;0.2055385023979407;0.008519814237330363
760.049;0.20400627193004858;0.008818990431192025
760.799;0.19940958052637225;0.00897562102767034
761.55;0.19072694120831696;0.008010968579026447
762.301;0.1853641345706946;0.008435653565016635
763.051;0.17719223874193665;0.008265396015065445
763.802;0.1766814952526393;0.008151355920596855
764.552;0.17361703431685507;0.00781560740334605
765.302;0.16672199721134057;0.007412233066868728
766.053;0.1659558819773945;0.008101638270104334
766.803;0.15957158836117738;0.007835086057602572
767.553;0.15855010138258263;0.007532632852772579
768.303;0.1557410121914471;0.006916757793296408
769.053;0.14552614240549971;0.007425784969786273
769.803;0.14348316844831022;0.006820086984296587
770.553;0.14169556623576943;0.0076536628895963205
771.302;0.1386311052999852;0.007071894605872519
772.052;0.13607738785349835;0.007151002550647043
772.802;0.12739474853544305;0.006857918430793944
773.551;0.12943772249263255;0.0077341254519474704
774.301;0.12049971142992856;0.006724956797805657
775.05;0.1182013657280904;0.007197364759440254
775.799;0.11743525049414434;0.0067208088071674605
776.549;0.11181707211187326;0.006387256380942088
777.298;0.11232781560117064;0.006590513507325193
778.047;0.10364517628311534;0.00688408256159024
778.796;0.1059435219849535;0.00645828896499624
779.545;0.10364517628311534;0.006310759405242834
780.294;0.10032534360268244;0.0062606913922930866
781.042;0.09802699790084426;0.006225252093190843
781.791;0.0957286521990061;0.00666664480188782
782.54;0.0924088195185732;0.006630126539683721
783.288;0.0870460128809508;0.006220231412038038
784.037;0.08296006496657185;0.005926442656705783
784.785;0.08423692368981528;0.00588135261161891
785.534;0.0821939497326258;0.006208606262514924
786.282;0.08040634752008499;0.005839792582808391
787.03;0.07836337356289552;0.005753897655099471
787.778;0.0786187453075442;0.005916823715687257
788.526;0.07325593866992182;0.005504633762815911
789.274;0.07248982343597576;0.0056597947142190755
790.022;0.07095759296808365;0.005419276499965406
790.77;0.0699361059894889;0.005754498990185358
791.518;0.06738238854300206;0.005947473156906748
792.266;0.06457329935186652;0.005559531471382527
793.013;0.06201958190537967;0.005336487868572459
793.761;0.06253032539467704;0.005410815510035916
794.508;0.061253466671433617;0.0052665570450553326
795.256;0.057167518757054656;0.004649011019394237
796.003;0.057167518757054656;0.0051923897341755775
796.751;0.054869173055216484;0.005116423669180479
797.498;0.054613801310567804;0.005109347955678423
798.245;0.05308157084267569;0.004405836394305376
798.992;0.053336942587324375;0.005645737102370956
799.739;0.04976173816224278;0.0051539343668729615
800.486;0.049250994672945414;0.0047578610323616615
801.233;0.0495063664175941;0.004380331203866123
801.98;0.046441905481809875;0.004646544332385354
802.726;0.043377444546025656;0.0044083117408151426
803.473;0.04414355977997171;0.004647840509582463
804.219;0.04286670105672829;0.004317335624160064
804.966;0.04158984233348486;0.004008550043157714
805.712;0.03954686837629538;0.004465313724505732
806.459;0.04184521407813355;0.00464942647216019
807.205;0.04005761186559275;0.004407685515504421
807.951;0.03852538139770064;0.004477621050520756
808.697;0.03878075314234933;0.0038263963921048288
809.443;0.037759266163754586;0.004886904395870726
810.189;0.03443943348332168;0.0043508068833001965
810.935;0.035205548717267734;0.005316846083013873
811.681;0.03163034429218614;0.004821982098784057
812.427;0.03009811382429403;0.005044269866311516
813.173;0.03163034429218614;0.004184807677788973
813.918;0.02907662684569929;0.004407886937404999
814.664;0.02805513986710455;0.003750594116846745
815.409;0.028310511611753235;0.004741659204057899
816.155;0.02269233322948216;0.003920072241793215
816.9;0.02499067893132033;0.005177598911342692
817.645;0.023713820208076903;0.004332463236282852
818.391;0.024224563697374274;0.005106910984454665
819.136;0.021926217995536106;0.003993140314654735
819.881;0.024735307186671645;0.003972782223330297
820.626;0.02269233322948216;0.004508135502201668
821.371;0.022947704974130848;0.004232412689493436
822.116;0.019883244038346626;0.0037719721504658518
822.86;0.018351013570454516;0.003889192650813968
823.605;0.020904731016941368;0.005395124816598787
824.35;0.01656341135791372;0.004010997613007615
825.094;0.01758489833650846;0.004140102098970523
825.839;0.020138615782995313;0.003966147080200618
826.583;0.019372500549049255;0.004364463731993303
827.328;0.017840270081157145;0.004624036434798169
828.072;0.01579729612396766;0.0034223360287525912
828.816;0.017329526591859774;0.004362269543042804
829.56;0.01605266786861635;0.004383395338821328
830.304;0.017840270081157145;0.004084880969730601
831.048;0.014265065656075554;0.004097239268396279
831.792;0.016563411357913716;0.003316828767104138
832.536;0.013243578677480813;0.0038331869837752064
833.28;0.01554192437931898;0.004368020647271886
834.023;0.015031180890021605;0.003373466887587214
834.767;0.015031180890021608;0.003543182742255303
835.511;0.009157630763101847;0.0034729467478657214
836.254;0.009413002507750531;0.002750046174653978
836.998;0.011455976464940013;0.0035764255784532847
837.741;0.010689861230993958;0.0033595458726856553
838.484;0.011455976464940018;0.003940791607372974
839.227;0.010689861230993962;0.0038818813341785947
839.971;0.00915763076310185;0.004325882726789093
840.714;0.008902259018453167;0.004164441656197129
841.457;0.009157630763101847;0.003655906682727194
842.2;0.006859285061263686;0.004317249794567418
842.942;0.00915763076310185;0.003930969977968107
843.685;0.007114656805912371;0.0042488380227805435
844.428;0.008391515529155793;0.002819467656015434
845.17;0.010179117741696593;0.003864692912398234
845.913;0.00813614378450711;0.004295100839195996
846.656;0.008646887273804481;0.0039637181592471465
847.398;0.00813614378450711;0.003846539542605407
848.14;0.008646887273804478;0.0034537816120856026
848.883;0.006603913316614997;0.002986766365670506
849.625;0.006603913316615;0.003913031646136037
850.367;0.008136143784507107;0.003031072392379382
851.109;0.009923745997047907;0.00383912699978216
851.851;0.007370028550561052;0.003481239565705547
852.593;0.007625400295209737;0.00345316704674881
853.335;0.007114656805912371;0.0041083767403266745
854.077;0.008136143784507107;0.0031575269727151085
854.818;0.0063485415719663155;0.0038030488439272235
855.56;0.008391515529155796;0.003699769442036832
856.301;0.008391515529155793;0.0033481538587052458
857.043;0.008136143784507105;0.0025649192441961886
857.784;0.0055824263380202565;0.003600126045241106
858.526;0.007114656805912371;0.004279425598802405
859.267;-3.5752044250816064e-05;-0.003706147100478933
860.008;0.00456093935942552;0.004339076753311368
860.749;0.0014964784236412964;0.0024577957595718603
861.49;0.005837798082668942;0.00376838587989415
862.231;0.005837798082668945;0.0038539433596557616
862.972;0.0055824263380202565;0.003297580362439426
863.713;0.003028708891533409;0.004353739402626291
864.454;0.0020072219129386648;0.002985073702935028
865.195;0.0037948241254794606;0.0038021790516689397
865.935;0.0032840806361820905;0.003750247175249119
866.676;0.0027733371468847204;0.002523534408304838
867.416;0.004305567614776834;0.004178217270203121
868.157;0.003794824125479464;0.004178090835218416
868.897;0.0030287088915334054;0.0037761867502160147
869.638;0.0020072219129386665;0.002612239215132684
870.378;0.0014964784236412947;0.003113323748312174
871.118;0.003539452380830779;0.004075312658060124
871.858;0.004305567614776831;0.0033461747821044783
872.598;0.0032840806361820905;0.002279287360609845
873.338;0.00558242633802026;0.00392925784395604
874.078;0.0030287088915334054;0.003355548969411857
874.818;0.0025179654022360358;0.0020532400775846913
875.557;0.0035394523808307756;0.0032770181177562752
876.297;0.005837798082668945;0.004083979897410406
877.037;0.0014964784236412983;0.003928317810808709
877.776;0.0009857349343439243;0.0035442783522916135
878.516;0.00226259365758735;0.0034227440408693146
879.255;0.0037948241254794606;0.00283998630285229
879.994;0.000730363189695243;0.004536872123317448
880.733;0.0030287088915334054;0.0032569251766768983
881.473;-3.5752044250816064e-05;-0.0037585655106939253
882.212;-3.5752044250816064e-05;-0.003335706403715992
882.951;0.00047499144504655415;0.0032565743777516636
883.69;0.0020072219129386648;0.0032366369093724677
884.428;0.0007303631896952393;0.003697356826038591
885.167;0.00021961970039786904;0.003345469164502336
885.906;0.00047499144504655415;0.003652984430894141
886.645;-0.0008018672781968714;-0.0029739848029821307
887.383;-0.0015679825121429267;-0.0033161928892238737
888.122;0.00226259365758735;0.003662070411173732
888.86;0.0012411066789926096;0.003206171982695413
889.599;0.0012411066789926096;0.003767283167020476
890.337;-3.5752044250816064e-05;-0.002827831372178341
891.075;-3.575204425081243e-05;-0.0045583677945728596
891.813;0.002517965402236035;0.0034323029091456836
892.551;-3.5752044250816064e-05;-0.0025869549107353563
893.289;0.0009857349343439243;0.003154888257914443
894.027;0.004560939359425516;0.0033946336384147323
894.765;0.0007303631896952393;0.003516554128654342
895.503;0.00021961970039786904;0.0035165365111149353
896.241;-0.0010572390228455566;-0.003944847757501728
896.979;0.0030287088915334054;0.002686335003735825
897.716;0.0012411066789926096;0.003626153170107023
898.454;0.0017518501682899797;0.0034605652832220904
899.191;0.0017518501682899797;0.0025744716712986187
899.929;0.0030287088915334054;0.0038784227603609616
900.666;0.0017518501682899797;0.0034035604463050905
901.403;0.0009857349343439243;0.0034321031894370543
902.14;0.0017518501682899797;0.002839476783061836
902.877;0.00021961970039786904;0.00338423149954249
903.614;0.00021961970039786904;0.0039199370556668904
904.351;0.00226259365758735;0.003479434600203873
905.088;0.00021961970039787267;0.0046644345703366775
905.825;-0.0008018672781968714;-0.0031027668852086883
906.562;-0.0023340977460889786;-0.00420892096364765
907.299;0.0012411066789926096;0.0035350869202083394
908.035;-3.5752044250816064e-05;-0.003451016364402063
908.772;-0.001567982512142925;-0.0027341433701314334
909.508;-3.5752044250816064e-05;-0.002804674814224675
910.245;-0.0010572390228455529;-0.004768169869667697
910.981;0.0009857349343439243;0.003195962895871302
911.717;0.00047499144504655415;0.002896200256719412
912.453;-0.0010572390228455566;-0.0030922595067513965
913.19;-3.5752044250816064e-05;-0.003894900556576059
913.926;0.0014964784236412983;0.004726990796161732
914.662;0.0007303631896952393;0.003953086052440746
915.398;0.00021961970039787267;0.00437588399553226
916.133;0.0032840806361820905;0.0034983341024616877
916.869;-0.0010572390228455566;-0.003758603439395851
917.605;-0.0005464955335481862;-0.003844351430353604
918.34;0.002773337146884724;0.004376107013204939
919.076;0.0030287088915334054;0.003296728760200253
919.812;-0.0013126107674942416;-0.003498003323721295
920.547;0.0017518501682899797;0.0037673349771753816
921.282;0.0014964784236412947;0.0037586415449492733
922.018;0.0027733371468847204;0.0030607357606112382
922.753;0.0009857349343439243;0.003617129644102111
923.488;0.003794824125479464;0.005168842655600362
924.223;-3.5752044250816064e-05;-0.002781325467761079
924.958;-0.0008018672781968714;-0.0035899719695553734
925.693;0.00021961970039786904;0.0033259185911122557
926.428;-0.002844841235386352;-0.003286781100126004
927.163;-0.0008018672781968714;-0.003626121571879925
927.897;0.00021961970039787267;0.004034713460941086
928.632;-0.002844841235386352;-0.0040349680481012755
929.367;0.0007303631896952393;0.0035899680727654406
930.101;-0.0010572390228455566;-0.0037237401765937792
930.836;0.00047499144504655415;0.0032963821971501253
931.57;-3.575204425081425e-05;-0.0027100706614084638
932.304;-3.5752044250816064e-05;-0.0034698621591211175
933.038;-0.0005464955335481862;-0.003758575613236039
933.773;-0.002334097746088982;-0.0032063276018262
934.507;0.0007303631896952393;0.0034792663059754775
935.241;-0.0002911237888995012;-0.0035350343444121714
935.975;-0.002078726001440297;-0.004042922038559392
936.709;0.0012411066789926096;0.0038697544103075566
937.442;-0.0010572390228455566;-0.0030922595067513965
938.176;-0.0005464955335481845;-0.0027100846724893474
938.91;-0.0008018672781968714;-0.0035899719695553734
939.643;-0.0013126107674942416;-0.0037499386176020003
940.377;0.0007303631896952411;0.002673756664800079
941.11;0.0009857349343439243;0.0035258303394509966
941.844;0.00021961970039786904;0.0035350330252961184
942.577;0.003539452380830779;0.003945217055309691
943.31;0.0009857349343439243;0.002206030629584095
944.043;0.0017518501682899834;0.0045369434833167745
944.777;0.0030287088915334054;0.0035445738030712858
945.51;-0.0005464955335481862;-0.003652986983939816
946.243;0.0009857349343439243;0.0029409225356388023
946.976;0.0017518501682899797;0.0038189136148960635
947.708;0.00021961970039786904;0.003553433261771501
948.441;-0.0008018672781968714;-0.003403469433224723
949.174;-0.0033555847246837206;-0.002307748159847019
949.906;-0.00029112378889949755;-0.004522462230676227
950.639;-0.0033555847246837206;-0.0027700959867871327
951.371;-0.003610956469332408;-0.003336205431211244
952.104;-0.003866328213981091;-0.002722777040877546
952.836;0.00021961970039787086;0.0026244984063534295
953.568;-0.002844841235386352;-0.0031654941580370266
954.301;0.0020072219129386648;0.002918797122816994
955.033;-0.0010572390228455566;-0.003653015614401253
955.765;-0.0010572390228455566;-0.003793146283298071
956.497;-0.0005464955335481862;-0.0031754649276268276
957.229;-0.0015679825121429267;-0.004074997163621286
957.961;-0.002334097746088982;-0.003306460943347386
958.692;0.0027733371468847204;0.003679924725594113
959.424;-0.0002911237888995012;-0.0038697063814765445
960.156;0.0009857349343439243;0.003296411095636467
960.887;-0.0008018672781968714;-0.0033842539394917156
961.619;-0.00182335425679161;-0.002746083731699274
962.35;0.0014964784236412964;0.002734133137028537
963.082;-0.0041216999586297775;-0.003844905722049545
963.813;-0.0008018672781968696;-0.0027696065614090794
964.544;0.0014964784236412947;0.003635158878496217
965.275;-0.0002911237888995012;-0.0039859294612861725
966.007;-0.0002911237888995012;-0.0032465406169068936
966.738;0.00021961970039786904;0.0038188126145192627
967.468;0.0007303631896952393;0.0033454876828928034
968.199;0.0014964784236412983;0.004185516947474248
968.93;0.0012411066789926096;0.0028849778064438613
969.661;-0.003610956469332408;-0.0036534322807533267
970.392;0.00021961970039787267;0.004018517544564087
971.122;-0.0018233542567916117;-0.003553550990596116
971.853;0.000985734934343928;0.004754469175956407
972.583;-0.0023340977460889803;-0.0026494905721641837
973.314;-0.0008018672781968714;-0.0035717599704156297
974.044;-0.0031002129800350373;-0.0030501440887351367
974.774;-0.002334097746088982;-0.0036262907661533065
975.504;-0.0018233542567916117;-0.003936644849770273
976.234;-0.002334097746088982;-0.0037674156086271327
976.965;-0.0005464955335481862;-0.003413023729443726
977.695;-0.0005464955335481862;-0.0030922256843362423
978.424;0.0009857349343439243;0.003741207432601279
979.154;-0.004377071703278463;-0.004002865734428855
979.884;0.0007303631896952411;0.002745953945417206
980.614;-0.0013126107674942416;-0.0039199916065064564
981.343;-0.0033555847246837223;-0.0037676125825919925
982.073;0.3413962705510411;0.015419926667465049
982.802;0.003028708891533409;0.009273391350197162
983.532;-3.575204425081243e-05;-0.004293132509469298
984.261;-0.0008018672781968677;-0.004975638575279308
984.99;0.000985734934343928;0.0104877410636468
985.72;0.0017518501682899834;0.006888564733843676
986.449;0.002517965402236039;0.003961513213157911
987.178;-0.0031002129800350373;-0.0041229500193315045
987.907;0.0009857349343439243;0.003928276602911148
988.636;0.00047499144504655415;0.003944818880907214
989.365;-0.002078726001440293;-0.00506020849183973
990.094;-0.0010572390228455529;-0.005124162294083997
990.822;0.0004749914450465578;0.0040749271957423545
991.551;-0.002078726001440297;-0.0036709359269010743
992.28;-3.5752044250816064e-05;-0.0031754529699482663
993.008;-0.0010572390228455566;-0.004026657560497981
993.737;-0.002334097746088982;-0.00340364969547849
994.465;0.00047499144504655415;0.003652984430894141
995.193;0.00021961970039786904;0.0033649061482552214
995.921;-3.575204425081243e-05;-0.004427736650618529
996.65;0.000985734934343928;0.004185478271817495
997.378;-0.0013126107674942416;-0.0035900103805440956
998.106;-0.0018233542567916117;-0.003498061788330383
998.834;0.00047499144504655415;0.0036529844308941413
999.562;-0.0005464955335481862;-0.003113244150207074
1000.289;-0.002078726001440297;-0.004042922038559392
1001.017;0.0009857349343439243;0.002612089772119365
1001.745;0.00047499144504655415;0.003961316127133993
1002.473;-0.0013126107674942416;-0.0035900103805440956
1003.2;-0.0015679825121429267;-0.0036171821316345414
1003.928;-0.002078726001440297;-0.003006853684135454
1004.655;0.00021961970039786904;0.0034225548577568876
1005.382;0.0007303631896952393;0.003626117713937988
1006.11;0.0007303631896952393;0.0038358679782407494
1006.837;-0.0013126107674942416;-0.002995878978617054
1007.564;-0.002334097746088982;-0.004002428356778534
1008.291;-0.0008018672781968714;-0.0033842539394917156
1009.018;-0.0015679825121429267;-0.003451107281735497
1009.745;0.0009857349343439243;0.0033357435487901144
1010.472;-0.0028448412353863505;-0.0027933944429241464
1011.199;-0.0018233542567916117;-0.0037673436416027347
1011.925;-3.5752044250816064e-05;-0.003488606148482584
1012.652;-0.0010572390228455529;-0.004169872445637154
1013.379;-0.0002911237888995012;-0.0038697063814765445
1014.105;-0.0018233542567916083;-0.004650522239697889
1014.832;0.00021961970039786904;0.0030816523171098035
1015.558;-0.002078726001440297;-0.003432227797265984
1016.284;-0.0033555847246837223;-0.003920302242923872
1017.011;0.0012411066789926096;0.003384287795975613
1017.737;-0.0028448412353863487;-0.004316097468308042
1018.463;0.000985734934343928;0.004201030566395131
1019.189;0.008646887273804481;0.0037611046482101066
1019.915;0.00507168284872289;0.0035267265428778867
1020.641;0.0012411066789926096;0.0038697544103075566
1021.367;-0.0008018672781968714;-0.0032665881269891123
1022.092;0.0004749914450465578;0.0040588917446355765
1022.818;-0.002078726001440297;-0.0038950421700542338
1023.544;-0.0002911237888995012;-0.0031236916047598603
1024.269;-0.0005464955335481862;-0.004010403032035566
1024.995;0.0012411066789926096;0.0038017471473488973
1025.72;-3.5752044250816064e-05;-0.002292948253875277
1026.446;-0.0015679825121429267;-0.003878201698257016
1027.171;-0.0010572390228455566;-0.0033552424329967774
1027.896;-0.0005464955335481862;-0.003911618046765444
1028.621;0.0014964784236412947;0.003393935347766974
1029.346;0.0012411066789926096;0.0035717920495582796
1030.071;0.000985734934343928;0.004138470731570647
1030.796;-0.0041216999586297775;-0.003507868348268308
1031.521;0.0009857349343439263;0.0027101163815101926
1032.246;-0.0002911237888995012;-0.0034979435250320923
1032.971;-3.5752044250816064e-05;-0.003525795196986084
1033.695;0.00021961970039787267;0.004239633903886861
1034.42;-0.0002911237888995012;-0.0031857083371577993
1035.144;-0.0018233542567916117;-0.00388662891275117
1035.869;-0.0015679825121429267;-0.0037237861524254006
1036.593;-0.0018233542567916117;-0.003535151366891779
1037.318;-0.0002911237888995012;-0.003441557864764801
1038.042;-0.0015679825121429267;-0.003049844643822245
1038.766;-0.0005464955335481862;-0.003216276794439139
1039.49;-0.0018233542567916083;-0.004962583459077608
1040.214;0.003028708891533409;0.004413248759100266
1040.938;-0.0002911237888995012;-0.0031027439123648935
1041.662;0.0009857349343439243;0.003775909422326058
1042.386;0.0014964784236412947;0.0037931840418411428
1043.11;-0.002334097746088982;-0.004067081333691794
1043.833;0.00226259365758735;0.003479434600203873
1044.557;-0.0013126107674942416;-0.0029740311697407846
1045.281;-3.5752044250816064e-05;-0.0025869549107353563
1046.004;-3.5752044250816064e-05;-0.0035442433927454766
1046.728;0.0014964784236412983;0.004169906792922873
1047.451;0.0007303631896952393;0.003661910510538797
1048.174;-0.0010572390228455529;-0.004876359251885107
1048.897;-0.0010572390228455566;-0.0037237401765937792
1049.621;-0.0005464955335481862;-0.0034886170327889632
1050.344;-0.0018233542567916117;-0.0029299166385653394
1051.067;-0.0013126107674942416;-0.002907502885776773
1051.79;0.0017518501682899797;0.00393663655797018
1052.513;-3.575204425081243e-05;-0.0042473166088805615
1053.235;-0.0013126107674942416;-0.003165237195212735
1053.958;-0.0013126107674942416;-0.003608130262108644
1054.681;-0.001567982512142925;-0.0028962987000553755
1055.403;-0.0010572390228455566;-0.0031341550326928693
1056.126;-0.0033555847246837223;-0.003680048544904859
1056.848;-0.0002911237888995012;-0.0036973413312192355
1057.571;-0.0005464955335481862;-0.003878130584691734
1058.293;-0.002589469490737667;-0.003844564215734929
1059.016;-0.0013126107674942416;-0.003123758567831152
1059.738;-0.001567982512142925;-0.002510313698537542
1060.46;-0.00029112378889949755;-0.004098858360794852
1061.182;-3.575204425081243e-05;-0.004471704397097384
1061.904;-3.5752044250816064e-05;-0.003810262860481855
1062.626;-0.0002911237888995012;-0.0035165378371693604
1063.348;0.0020072219129386687;0.0049428504193029755
1064.069;-0.0015679825121429267;-0.003393943591496225
1064.791;0.00047499144504655415;0.0037931162518163876
1065.513;0.0012411066789926096;0.003818862504503835
1066.234;0.0007303631896952393;0.00330627115108967
1066.956;0.0012411066789926096;0.0032865265260363166
1067.677;0.00047499144504655415;0.0034320754334945893
1068.399;0.0009857349343439243;0.002850843302763036
1069.12;-3.5752044250816064e-05;-0.0035990206438431894
1069.841;0.00021961970039787267;0.004082915757113863
1070.563;-0.0008018672781968714;-0.003714956922186591
1071.284;-0.0008018672781968696;-0.0026245273420982427
1072.005;-0.002844841235386352;-0.003953330225208753
1072.726;-3.5752044250816064e-05;-0.0034130126040656785
1073.447;-0.0013126107674942416;-0.003441618643164252
1074.167;0.0009857349343439243;0.003994130054554864
1074.888;-0.002589469490737667;-0.003451264402860689
1075.609;-0.00029112378889949755;-0.004360956387383956
1076.33;-0.0010572390228455529;-0.004122686969088788
1077.05;-0.0002911237888995012;-0.0039859294612861725
1077.771;-0.0031002129800350373;-0.003776201568690329
1078.491;-0.0018233542567916117;-0.0033063789431459446
1079.211;0.00021961970039786904;0.003384231499542491
1079.932;0.0009857349343439243;0.0034321031894370543
1080.652;-0.0015679825121429267;-0.0031960223001349696
1081.372;0.0017518501682899797;0.004002352459899878
1082.092;0.0009857349343439243;0.0032566036294851054
1082.812;0.0009857349343439243;0.003296411095636467
1083.532;0.00047499144504655415;0.002873594694992973
1084.252;0.0009857349343439243;0.0033357435487901144
1084.972;0.00047499144504655415;0.0038781281798623856
1085.692;-0.0018233542567916083;-0.0043159563963898724
1086.411;-0.0015679825121429267;-0.003006774590751955
1087.131;-0.0018233542567916117;-0.00332604437306671
1087.851;-0.0013126107674942416;-0.003801753280207999
1088.57;-0.0036109564693324056;-0.0023498510749111025
1089.289;-0.002589469490737667;-0.0037239317686285217
1090.009;0.00021961970039786904;0.003679659513782877
1090.728;0.00405019587012815;0.004916713497710344
1091.447;-0.0002911237888995012;-0.002951950811617399
1092.166;0.0014964784236412947;0.002757882061823409
1092.885;-0.0018233542567916117;-0.0038698132835452816
1093.604;0.0017518501682899797;0.0038359523790016405
1094.323;0.0020072219129386648;0.003196085038176004
1095.042;-0.0005464955335481862;-0.0034130237294437266
1095.761;-0.003866328213981093;-0.004002731430623148
1096.48;-0.0015679825121429267;-0.0033552934581640753
1097.199;-0.0008018672781968696;-0.0027696065614090794
1097.917;-0.003866328213981093;-0.003572271337322065
1098.636;-0.0018233542567916117;-0.0031858381911358796
1099.354;-0.001567982512142923;-0.004685425229010106
1100.073;-0.00029112378889949755;-0.004579779738329379
1100.791;-0.0008018672781968714;-0.0035165581067961864
1101.509;0.0009857349343439235;1.5752394147321763e-05
1102.227;-0.0010572390228455566;-1.689505486267155e-05
1102.945;0.0009857349343439235;1.5752394147321763e-05
1103.663;-3.5752044250816965e-05;-5.713303576749e-07
1104.381;-0.0013126107674942416;-0.0035534934389350866
1105.099;0.0014964784236412947;0.0038949739294194606
1105.817;-0.0018233542567916117;-0.0037846145866989394
1106.535;0.000730363189695243;0.004146328835145553
1107.253;0.00021961970039786904;0.0025231476495109015
1107.97;-0.0010572390228455566;-0.0038273773838436186
1108.688;0.0004749914450465578;0.004106810266187167
1109.406;-0.0013126107674942416;-0.0037325072243537547
1110.123;0.002773337146884724;0.004099095312905587
1110.84;-3.575204425081243e-05;-0.004074920166192779
1111.558;-0.0028448412353863487;-0.005001973680108343
1112.275;0.001241106678992613;0.004018564955237532
1112.992;0.0017518501682899797;0.0017990938086002112
1113.709;0.00021961970039786929;0.0009424632152926041
1114.426;-0.0020787260014402953;-0.002587168118051487
1115.143;-0.0008018672781968723;-0.0020046684860507693
